{"cameraMode":{"drawMode":0,"name":"Shaded","section":"Shading Mode"},"sceneLighting":true,"audioPlay":false,"sceneViewState":{"m_AlwaysRefresh":false,"showFog":true,"showSkybox":true,"showFlares":true,"showImageEffects":true,"showParticleSystems":true,"showVisualEffectGraphs":true,"m_FxEnabled":true},"in2DMode":false,"pivot":{"x":556.4031372070313,"y":265.771728515625,"z":428.7342834472656},"rotation":{"x":0.04715206101536751,"y":0.04179468750953674,"z":0.000035121724067721516,"w":0.99839186668396},"size":331.55108642578127,"orthographic":false}