{"cameraMode":{"drawMode":0,"name":"Shaded","section":"Shading Mode"},"sceneLighting":false,"audioPlay":false,"sceneViewState":{"m_AlwaysRefresh":false,"showFog":true,"showSkybox":false,"showFlares":true,"showImageEffects":true,"showParticleSystems":true,"showVisualEffectGraphs":true,"m_FxEnabled":true},"in2DMode":false,"pivot":{"x":24.170001983642579,"y":6.814499855041504,"z":-54.58649826049805},"rotation":{"x":0.1751711219549179,"y":-0.11024224758148194,"z":0.021150222048163415,"w":0.9784519076347351},"size":3.3023760318756105,"orthographic":false}