{"cameraMode":{"drawMode":0,"name":"Shaded","section":"Shading Mode"},"sceneLighting":false,"audioPlay":false,"sceneViewState":{"m_AlwaysRefresh":false,"showFog":true,"showSkybox":false,"showFlares":true,"showImageEffects":true,"showParticleSystems":true,"showVisualEffectGraphs":true,"m_FxEnabled":true},"in2DMode":false,"pivot":{"x":3.9150002002716066,"y":3.2699999809265138,"z":-48.29999923706055},"rotation":{"x":0.0013000600738450885,"y":-0.9816043376922607,"z":0.1923731118440628,"w":0.013240969739854336},"size":6.172077655792236,"orthographic":false}